COMMUNE_NOM,COLL_INSEE,PRENOM_ENFANT,NOMBRE_OCCURENCES,ANNEE
Carrières-sous-Poissy,78123,Aaliyah,2,2018
Carrières-sous-Poissy,78123,Aaron,4,2018
Carrières-sous-Poissy,78123,Abdelkader,1,2018
Carrières-sous-Poissy,78123,Abdou,1,2018
Carrières-sous-Poissy,78123,Adam,3,2018
Carrières-sous-Poissy,78123,Adem,1,2018
Carrières-sous-Poissy,78123,Adrien,1,2018
Carrières-sous-Poissy,78123,Aeylan,1,2018
Carrières-sous-Poissy,78123,Ahmad,1,2018
Carrières-sous-Poissy,78123,Ahmed-Emir,1,2018
Carrières-sous-Poissy,78123,Al,1,2018
Carrières-sous-Poissy,78123,Alban,1,2018
Carrières-sous-Poissy,78123,Alessio,1,2018
Carrières-sous-Poissy,78123,Alex,1,2018
Carrières-sous-Poissy,78123,Alexis,1,2018
Carrières-sous-Poissy,78123,Ali-Irfan,1,2018
Carrières-sous-Poissy,78123,Alicia,1,2018
Carrières-sous-Poissy,78123,Alison,1,2018
Carrières-sous-Poissy,78123,Aliya,2,2018
Carrières-sous-Poissy,78123,Alonzo-Kenzi,1,2018
Carrières-sous-Poissy,78123,Alvy,1,2018
Carrières-sous-Poissy,78123,Alya,1,2018
Carrières-sous-Poissy,78123,Amadou,1,2018
Carrières-sous-Poissy,78123,Amandine,1,2018
Carrières-sous-Poissy,78123,Ambre,1,2018
Carrières-sous-Poissy,78123,Amine,1,2018
Carrières-sous-Poissy,78123,Amir,2,2018
Carrières-sous-Poissy,78123,Amy,1,2018
Carrières-sous-Poissy,78123,Anas,2,2018
Carrières-sous-Poissy,78123,Anaya,1,2018
Carrières-sous-Poissy,78123,Anaïs,1,2018
Carrières-sous-Poissy,78123,Andrea,1,2018
Carrières-sous-Poissy,78123,Anir,1,2018
Carrières-sous-Poissy,78123,Antoine,1,2018
Carrières-sous-Poissy,78123,Anès,1,2018
Carrières-sous-Poissy,78123,Apolline,1,2018
Carrières-sous-Poissy,78123,Aris,1,2018
Carrières-sous-Poissy,78123,Armick,1,2018
Carrières-sous-Poissy,78123,Arthur,1,2018
Carrières-sous-Poissy,78123,Asaël,1,2018
Carrières-sous-Poissy,78123,Assia,1,2018
Carrières-sous-Poissy,78123,Assitan,1,2018
Carrières-sous-Poissy,78123,Athanaïs,1,2018
Carrières-sous-Poissy,78123,Ayao,1,2018
Carrières-sous-Poissy,78123,Aydan,1,2018
Carrières-sous-Poissy,78123,Ayden,1,2018
Carrières-sous-Poissy,78123,Ayla,1,2018
Carrières-sous-Poissy,78123,Aylan,2,2018
Carrières-sous-Poissy,78123,Ayleene,1,2018
Carrières-sous-Poissy,78123,Aylin,1,2018
Carrières-sous-Poissy,78123,Ayléna,1,2018
Carrières-sous-Poissy,78123,Aymen,2,2018
Carrières-sous-Poissy,78123,Ayoub,1,2018
Carrières-sous-Poissy,78123,Aïda,1,2018
Carrières-sous-Poissy,78123,Aïssa,1,2018
Carrières-sous-Poissy,78123,Bahi,1,2018
Carrières-sous-Poissy,78123,Bastien,1,2018
Carrières-sous-Poissy,78123,Bocar,1,2018
Carrières-sous-Poissy,78123,Boubacar,1,2018
Carrières-sous-Poissy,78123,Brisays,1,2018
Carrières-sous-Poissy,78123,Camille,1,2018
Carrières-sous-Poissy,78123,Christ,1,2018
Carrières-sous-Poissy,78123,Ciana,1,2018
Carrières-sous-Poissy,78123,Clara,1,2018
Carrières-sous-Poissy,78123,Clément,3,2018
Carrières-sous-Poissy,78123,Coumba,1,2018
Carrières-sous-Poissy,78123,Cyprien,1,2018
Carrières-sous-Poissy,78123,Célia,1,2018
Carrières-sous-Poissy,78123,Damien,1,2018
Carrières-sous-Poissy,78123,Daniel,1,2018
Carrières-sous-Poissy,78123,Daria-Gabriela,1,2018
Carrières-sous-Poissy,78123,Diana,1,2018
Carrières-sous-Poissy,78123,Dina,1,2018
Carrières-sous-Poissy,78123,Djanys,1,2018
Carrières-sous-Poissy,78123,Djibril,2,2018
Carrières-sous-Poissy,78123,Dylan,1,2018
Carrières-sous-Poissy,78123,Eddie,1,2018
Carrières-sous-Poissy,78123,Eden,3,2018
Carrières-sous-Poissy,78123,Ehsan,1,2018
Carrières-sous-Poissy,78123,Eline,2,2018
Carrières-sous-Poissy,78123,Emma,3,2018
Carrières-sous-Poissy,78123,Emna,1,2018
Carrières-sous-Poissy,78123,Enzo,3,2018
Carrières-sous-Poissy,78123,Erana,1,2018
Carrières-sous-Poissy,78123,Eren,2,2018
Carrières-sous-Poissy,78123,Esma,1,2018
Carrières-sous-Poissy,78123,Esteban,1,2018
Carrières-sous-Poissy,78123,Ethan,1,2018
Carrières-sous-Poissy,78123,Eva,1,2018
Carrières-sous-Poissy,78123,Evan,1,2018
Carrières-sous-Poissy,78123,Eyman,1,2018
Carrières-sous-Poissy,78123,Eymen,1,2018
Carrières-sous-Poissy,78123,Farès,1,2018
Carrières-sous-Poissy,78123,Fatima,2,2018
Carrières-sous-Poissy,78123,Fatimata,1,2018
Carrières-sous-Poissy,78123,Fatoumata,1,2018
Carrières-sous-Poissy,78123,Faïssal,1,2018
Carrières-sous-Poissy,78123,Ferly,1,2018
Carrières-sous-Poissy,78123,Francisco,1,2018
Carrières-sous-Poissy,78123,Gabin,1,2018
Carrières-sous-Poissy,78123,Gabriel,4,2018
Carrières-sous-Poissy,78123,Gazumkyid,1,2018
Carrières-sous-Poissy,78123,Gaël,1,2018
Carrières-sous-Poissy,78123,Gaëtan,1,2018
Carrières-sous-Poissy,78123,Gnansa,1,2018
Carrières-sous-Poissy,78123,Hamza,1,2018
Carrières-sous-Poissy,78123,Hanaé,1,2018
Carrières-sous-Poissy,78123,Haroun,1,2018
Carrières-sous-Poissy,78123,Hawa,1,2018
Carrières-sous-Poissy,78123,Hosanna,1,2018
Carrières-sous-Poissy,78123,Hugo,1,2018
Carrières-sous-Poissy,78123,Ibrahim,4,2018
Carrières-sous-Poissy,78123,Iliana,1,2018
Carrières-sous-Poissy,78123,Ilyès,1,2018
Carrières-sous-Poissy,78123,Imran,3,2018
Carrières-sous-Poissy,78123,Imrane,1,2018
Carrières-sous-Poissy,78123,Inaya,3,2018
Carrières-sous-Poissy,78123,Ines,2,2018
Carrières-sous-Poissy,78123,Iniyavan,1,2018
Carrières-sous-Poissy,78123,Iris,3,2018
Carrières-sous-Poissy,78123,Isaak,1,2018
Carrières-sous-Poissy,78123,Ismail,2,2018
Carrières-sous-Poissy,78123,Ismaël,3,2018
Carrières-sous-Poissy,78123,Issa,2,2018
Carrières-sous-Poissy,78123,Itoua-Emos,1,2018
Carrières-sous-Poissy,78123,Iyad,2,2018
Carrières-sous-Poissy,78123,Izaak,1,2018
Carrières-sous-Poissy,78123,Jaden-Sydney,1,2018
Carrières-sous-Poissy,78123,Jean-Alexis,1,2018
Carrières-sous-Poissy,78123,Jean-Philippe,1,2018
Carrières-sous-Poissy,78123,Joseph,1,2018
Carrières-sous-Poissy,78123,Josiane,1,2018
Carrières-sous-Poissy,78123,Joudia,1,2018
Carrières-sous-Poissy,78123,Jounayd,1,2018
Carrières-sous-Poissy,78123,Jules,1,2018
Carrières-sous-Poissy,78123,Junior,1,2018
Carrières-sous-Poissy,78123,Kamil,1,2018
Carrières-sous-Poissy,78123,Kamyla,1,2018
Carrières-sous-Poissy,78123,Kamélia,1,2018
Carrières-sous-Poissy,78123,Kara,1,2018
Carrières-sous-Poissy,78123,Kaïs,2,2018
Carrières-sous-Poissy,78123,Keesje,1,2018
Carrières-sous-Poissy,78123,Kelyssia,1,2018
Carrières-sous-Poissy,78123,Kendra,1,2018
Carrières-sous-Poissy,78123,Khadija,1,2018
Carrières-sous-Poissy,78123,Khady,1,2018
Carrières-sous-Poissy,78123,Kiyam,1,2018
Carrières-sous-Poissy,78123,Kloé,1,2018
Carrières-sous-Poissy,78123,Kylian,1,2018
Carrières-sous-Poissy,78123,Lahcen,1,2018
Carrières-sous-Poissy,78123,Lehna,1,2018
Carrières-sous-Poissy,78123,Lennie,1,2018
Carrières-sous-Poissy,78123,Lenny,1,2018
Carrières-sous-Poissy,78123,Leyanah,1,2018
Carrières-sous-Poissy,78123,Lilia,1,2018
Carrières-sous-Poissy,78123,Lina,5,2018
Carrières-sous-Poissy,78123,Lisa,1,2018
Carrières-sous-Poissy,78123,Loam,1,2018
Carrières-sous-Poissy,78123,Logan,1,2018
Carrières-sous-Poissy,78123,Louay,1,2018
Carrières-sous-Poissy,78123,Louis,2,2018
Carrières-sous-Poissy,78123,Louisa,1,2018
Carrières-sous-Poissy,78123,Louison,2,2018
Carrières-sous-Poissy,78123,Lucas,1,2018
Carrières-sous-Poissy,78123,Lucile,1,2018
Carrières-sous-Poissy,78123,Luis,1,2018
Carrières-sous-Poissy,78123,Lya,1,2018
Carrières-sous-Poissy,78123,Léa,3,2018
Carrières-sous-Poissy,78123,Léna,1,2018
Carrières-sous-Poissy,78123,Léo,1,2018
Carrières-sous-Poissy,78123,Léonie,1,2018
Carrières-sous-Poissy,78123,Léopold,1,2018
Carrières-sous-Poissy,78123,Madi,1,2018
Carrières-sous-Poissy,78123,Maelys,1,2018
Carrières-sous-Poissy,78123,Mamadou,1,2018
Carrières-sous-Poissy,78123,Manon,1,2018
Carrières-sous-Poissy,78123,Marc,1,2018
Carrières-sous-Poissy,78123,Maria,1,2018
Carrières-sous-Poissy,78123,Mariam,1,2018
Carrières-sous-Poissy,78123,Mata,1,2018
Carrières-sous-Poissy,78123,Mathilde,1,2018
Carrières-sous-Poissy,78123,Mathis,1,2018
Carrières-sous-Poissy,78123,Mathéo,1,2018
Carrières-sous-Poissy,78123,Maya,1,2018
Carrières-sous-Poissy,78123,Maël,2,2018
Carrières-sous-Poissy,78123,Maëline,1,2018
Carrières-sous-Poissy,78123,Maïa,1,2018
Carrières-sous-Poissy,78123,Maïmouna,1,2018
Carrières-sous-Poissy,78123,Medina,1,2018
Carrières-sous-Poissy,78123,Mehanna,1,2018
Carrières-sous-Poissy,78123,Menty,1,2018
Carrières-sous-Poissy,78123,Meryem,1,2018
Carrières-sous-Poissy,78123,Meyssan,1,2018
Carrières-sous-Poissy,78123,Mina,1,2018
Carrières-sous-Poissy,78123,Missamba,1,2018
Carrières-sous-Poissy,78123,Mohamed,3,2018
Carrières-sous-Poissy,78123,Mohammed-Amine,1,2018
Carrières-sous-Poissy,78123,Moussa,1,2018
Carrières-sous-Poissy,78123,Mustapha,1,2018
Carrières-sous-Poissy,78123,Myriam,1,2018
Carrières-sous-Poissy,78123,Méline,1,2018
Carrières-sous-Poissy,78123,Nadja,1,2018
Carrières-sous-Poissy,78123,Nathan,1,2018
Carrières-sous-Poissy,78123,Nawad,1,2018
Carrières-sous-Poissy,78123,Naëlya,1,2018
Carrières-sous-Poissy,78123,Naïla,1,2018
Carrières-sous-Poissy,78123,Neila,1,2018
Carrières-sous-Poissy,78123,Nelya,1,2018
Carrières-sous-Poissy,78123,Neo,1,2018
Carrières-sous-Poissy,78123,Nhélyan,1,2018
Carrières-sous-Poissy,78123,Nina,1,2018
Carrières-sous-Poissy,78123,Nino,1,2018
Carrières-sous-Poissy,78123,Noham,1,2018
Carrières-sous-Poissy,78123,Nolan,2,2018
Carrières-sous-Poissy,78123,Nolwenn,1,2018
Carrières-sous-Poissy,78123,Norbu,1,2018
Carrières-sous-Poissy,78123,Nour,2,2018
Carrières-sous-Poissy,78123,Nélia,1,2018
Carrières-sous-Poissy,78123,Olivia,2,2018
Carrières-sous-Poissy,78123,Orane,1,2018
Carrières-sous-Poissy,78123,Oumayma,1,2018
Carrières-sous-Poissy,78123,Owen,2,2018
Carrières-sous-Poissy,78123,Promesses,1,2018
Carrières-sous-Poissy,78123,Quentin,1,2018
Carrières-sous-Poissy,78123,Raphaël,5,2018
Carrières-sous-Poissy,78123,Rayan,1,2018
Carrières-sous-Poissy,78123,Sacha,2,2018
Carrières-sous-Poissy,78123,Safia,1,2018
Carrières-sous-Poissy,78123,Safiatou,1,2018
Carrières-sous-Poissy,78123,Safya,1,2018
Carrières-sous-Poissy,78123,Sajida,1,2018
Carrières-sous-Poissy,78123,Sakina,1,2018
Carrières-sous-Poissy,78123,Salim,1,2018
Carrières-sous-Poissy,78123,Samba,1,2018
Carrières-sous-Poissy,78123,Samuel,2,2018
Carrières-sous-Poissy,78123,Sana,1,2018
Carrières-sous-Poissy,78123,Sarah,4,2018
Carrières-sous-Poissy,78123,Selim,2,2018
Carrières-sous-Poissy,78123,Selyan,1,2018
Carrières-sous-Poissy,78123,Seynabou,1,2018
Carrières-sous-Poissy,78123,Shoheen,1,2018
Carrières-sous-Poissy,78123,Slowann,1,2018
Carrières-sous-Poissy,78123,Sofyan,1,2018
Carrières-sous-Poissy,78123,Sohaybe,1,2018
Carrières-sous-Poissy,78123,Sokhona,1,2018
Carrières-sous-Poissy,78123,Soukaïna,1,2018
Carrières-sous-Poissy,78123,Souleyman,1,2018
Carrières-sous-Poissy,78123,Soundouss,1,2018
Carrières-sous-Poissy,78123,Stan,1,2018
Carrières-sous-Poissy,78123,Syraba,1,2018
Carrières-sous-Poissy,78123,Tachfine,1,2018
Carrières-sous-Poissy,78123,Tasnim,1,2018
Carrières-sous-Poissy,78123,Taïs,1,2018
Carrières-sous-Poissy,78123,Thibault,1,2018
Carrières-sous-Poissy,78123,Thomas,1,2018
Carrières-sous-Poissy,78123,Tidjiane,1,2018
Carrières-sous-Poissy,78123,Tino,1,2018
Carrières-sous-Poissy,78123,Tydiane,2,2018
Carrières-sous-Poissy,78123,Yasmine,1,2018
Carrières-sous-Poissy,78123,Yasser,1,2018
Carrières-sous-Poissy,78123,Yohan,1,2018
Carrières-sous-Poissy,78123,Yona,1,2018
Carrières-sous-Poissy,78123,Younes,1,2018
Carrières-sous-Poissy,78123,Zack,1,2018
Carrières-sous-Poissy,78123,Zahra,1,2018
Carrières-sous-Poissy,78123,Zakaria,1,2018
Carrières-sous-Poissy,78123,Zakariya,1,2018
Carrières-sous-Poissy,78123,Zeyna-Iya,1,2018
Carrières-sous-Poissy,78123,Zeynab,1,2018
Carrières-sous-Poissy,78123,Zoé,1,2018
Carrières-sous-Poissy,78123,Édem,1,2018
Carrières-sous-Poissy,78123,Élina,1,2018
Carrières-sous-Poissy,78123,Élise,1,2018
Carrières-sous-Poissy,78123,Éloïse,1,2018
Carrières-sous-Poissy,78123,Évans,1,2018
Carrières-sous-Poissy,78123,Aaliyah,1,2019
Carrières-sous-Poissy,78123,Abdoul,1,2019
Carrières-sous-Poissy,78123,Abdouramane,1,2019
Carrières-sous-Poissy,78123,Abigayil,1,2019
Carrières-sous-Poissy,78123,Abraham,1,2019
Carrières-sous-Poissy,78123,Adam,4,2019
Carrières-sous-Poissy,78123,Adama,1,2019
Carrières-sous-Poissy,78123,Adan-Mechaque,1,2019
Carrières-sous-Poissy,78123,Adriana,1,2019
Carrières-sous-Poissy,78123,Adélia,1,2019
Carrières-sous-Poissy,78123,Agathe,1,2019
Carrières-sous-Poissy,78123,Ahmed,2,2019
Carrières-sous-Poissy,78123,Aimé-Jackson,1,2019
Carrières-sous-Poissy,78123,Aka,1,2019
Carrières-sous-Poissy,78123,Akim,1,2019
Carrières-sous-Poissy,78123,Alban-Noursalam,1,2019
Carrières-sous-Poissy,78123,Alessia,1,2019
Carrières-sous-Poissy,78123,Alessio,1,2019
Carrières-sous-Poissy,78123,Alex,1,2019
Carrières-sous-Poissy,78123,Alexy,1,2019
Carrières-sous-Poissy,78123,Aline,1,2019
Carrières-sous-Poissy,78123,Aliya,1,2019
Carrières-sous-Poissy,78123,Amarah-Roukia,1,2019
Carrières-sous-Poissy,78123,Ambre,1,2019
Carrières-sous-Poissy,78123,Amel,1,2019
Carrières-sous-Poissy,78123,Aminata,1,2019
Carrières-sous-Poissy,78123,Amine,1,2019
Carrières-sous-Poissy,78123,Aminta,1,2019
Carrières-sous-Poissy,78123,Amira,2,2019
Carrières-sous-Poissy,78123,Analya,1,2019
Carrières-sous-Poissy,78123,Anas,1,2019
Carrières-sous-Poissy,78123,Anfal,1,2019
Carrières-sous-Poissy,78123,Anissa,1,2019
Carrières-sous-Poissy,78123,Anna,2,2019
Carrières-sous-Poissy,78123,Antoine,1,2019
Carrières-sous-Poissy,78123,Ariane,1,2019
Carrières-sous-Poissy,78123,Arthuro,1,2019
Carrières-sous-Poissy,78123,Arwa,1,2019
Carrières-sous-Poissy,78123,Athénaïs,1,2019
Carrières-sous-Poissy,78123,Aurélia,1,2019
Carrières-sous-Poissy,78123,Ava,1,2019
Carrières-sous-Poissy,78123,Axelle,1,2019
Carrières-sous-Poissy,78123,Aya,1,2019
Carrières-sous-Poissy,78123,Ayaa,1,2019
Carrières-sous-Poissy,78123,Ayana,1,2019
Carrières-sous-Poissy,78123,Aydan,1,2019
Carrières-sous-Poissy,78123,Ayden,1,2019
Carrières-sous-Poissy,78123,Aymane,1,2019
Carrières-sous-Poissy,78123,Ayoub,3,2019
Carrières-sous-Poissy,78123,Ayssé,1,2019
Carrières-sous-Poissy,78123,Azalée,1,2019
Carrières-sous-Poissy,78123,BCHIBCHI,1,2019
Carrières-sous-Poissy,78123,Badr,1,2019
Carrières-sous-Poissy,78123,Balkis,1,2019
Carrières-sous-Poissy,78123,Bilal,1,2019
Carrières-sous-Poissy,78123,Bilel,1,2019
Carrières-sous-Poissy,78123,Bintou,1,2019
Carrières-sous-Poissy,78123,Boubacar,1,2019
Carrières-sous-Poissy,78123,Carlinho,1,2019
Carrières-sous-Poissy,78123,Cassandre,1,2019
Carrières-sous-Poissy,78123,Chafika,1,2019
Carrières-sous-Poissy,78123,Chana,1,2019
Carrières-sous-Poissy,78123,Charline,1,2019
Carrières-sous-Poissy,78123,Charly,1,2019
Carrières-sous-Poissy,78123,Cheikh-Ahmadou,1,2019
Carrières-sous-Poissy,78123,Chloé,3,2019
Carrières-sous-Poissy,78123,Clémence,1,2019
Carrières-sous-Poissy,78123,Constance,1,2019
Carrières-sous-Poissy,78123,Cylia,1,2019
Carrières-sous-Poissy,78123,Célia,1,2019
Carrières-sous-Poissy,78123,César,1,2019
Carrières-sous-Poissy,78123,Dassine,1,2019
Carrières-sous-Poissy,78123,Dave,1,2019
Carrières-sous-Poissy,78123,David,1,2019
Carrières-sous-Poissy,78123,Daynis,1,2019
Carrières-sous-Poissy,78123,Diariatou,1,2019
Carrières-sous-Poissy,78123,Diaryata,1,2019
Carrières-sous-Poissy,78123,Diego,1,2019
Carrières-sous-Poissy,78123,Djami,1,2019
Carrières-sous-Poissy,78123,Eden,1,2019
Carrières-sous-Poissy,78123,Ela,1,2019
Carrières-sous-Poissy,78123,Eleazar,1,2019
Carrières-sous-Poissy,78123,Elena,1,2019
Carrières-sous-Poissy,78123,Eline,1,2019
Carrières-sous-Poissy,78123,Eliott,1,2019
Carrières-sous-Poissy,78123,Elise,2,2019
Carrières-sous-Poissy,78123,Eloi,1,2019
Carrières-sous-Poissy,78123,Elson,1,2019
Carrières-sous-Poissy,78123,Elya,2,2019
Carrières-sous-Poissy,78123,Elyes,1,2019
Carrières-sous-Poissy,78123,Emmanuel,1,2019
Carrières-sous-Poissy,78123,Emna,2,2019
Carrières-sous-Poissy,78123,Enaël,1,2019
Carrières-sous-Poissy,78123,Evan,1,2019
Carrières-sous-Poissy,78123,Ewen,1,2019
Carrières-sous-Poissy,78123,Eya,1,2019
Carrières-sous-Poissy,78123,Eyden,1,2019
Carrières-sous-Poissy,78123,Ezio,1,2019
Carrières-sous-Poissy,78123,Faris,1,2019
Carrières-sous-Poissy,78123,Fatimatou,1,2019
Carrières-sous-Poissy,78123,Fuaad,1,2019
Carrières-sous-Poissy,78123,Gabriel,8,2019
Carrières-sous-Poissy,78123,Gheezlaane-wuddaah,1,2019
Carrières-sous-Poissy,78123,Giulia,1,2019
Carrières-sous-Poissy,78123,Giulian,1,2019
Carrières-sous-Poissy,78123,Hafsa,2,2019
Carrières-sous-Poissy,78123,Hana,1,2019
Carrières-sous-Poissy,78123,Hasta,1,2019
Carrières-sous-Poissy,78123,Hawa,1,2019
Carrières-sous-Poissy,78123,Hayden,2,2019
Carrières-sous-Poissy,78123,Hugo,3,2019
Carrières-sous-Poissy,78123,Ibrahim,1,2019
Carrières-sous-Poissy,78123,Ibrahima,1,2019
Carrières-sous-Poissy,78123,Idriss,1,2019
Carrières-sous-Poissy,78123,Ikhlas,1,2019
Carrières-sous-Poissy,78123,Ilian,1,2019
Carrières-sous-Poissy,78123,Ilyan,1,2019
Carrières-sous-Poissy,78123,Ilyana,2,2019
Carrières-sous-Poissy,78123,Ilyes,1,2019
Carrières-sous-Poissy,78123,Imane,1,2019
Carrières-sous-Poissy,78123,Imrân,1,2019
Carrières-sous-Poissy,78123,Inaya,1,2019
Carrières-sous-Poissy,78123,Ines,2,2019
Carrières-sous-Poissy,78123,Inza,1,2019
Carrières-sous-Poissy,78123,Isaac,1,2019
Carrières-sous-Poissy,78123,Isaack,1,2019
Carrières-sous-Poissy,78123,Ismaël,5,2019
Carrières-sous-Poissy,78123,Israe,1,2019
Carrières-sous-Poissy,78123,Issa,1,2019
Carrières-sous-Poissy,78123,Jad,1,2019
Carrières-sous-Poissy,78123,Jade,1,2019
Carrières-sous-Poissy,78123,Jahd,1,2019
Carrières-sous-Poissy,78123,Jana,2,2019
Carrières-sous-Poissy,78123,Janice,1,2019
Carrières-sous-Poissy,78123,Jeicob,1,2019
Carrières-sous-Poissy,78123,Jenna,2,2019
Carrières-sous-Poissy,78123,Jennah,1,2019
Carrières-sous-Poissy,78123,Jeselle,1,2019
Carrières-sous-Poissy,78123,Jibril,1,2019
Carrières-sous-Poissy,78123,Jinan,1,2019
Carrières-sous-Poissy,78123,Joanna,2,2019
Carrières-sous-Poissy,78123,Jules,3,2019
Carrières-sous-Poissy,78123,Julia,1,2019
Carrières-sous-Poissy,78123,Kani,1,2019
Carrières-sous-Poissy,78123,Kassim,1,2019
Carrières-sous-Poissy,78123,Kayla,1,2019
Carrières-sous-Poissy,78123,Kaïs,1,2019
Carrières-sous-Poissy,78123,Kenza,1,2019
Carrières-sous-Poissy,78123,Keyden,1,2019
Carrières-sous-Poissy,78123,Keyzhia,1,2019
Carrières-sous-Poissy,78123,Khadija,1,2019
Carrières-sous-Poissy,78123,Kohana,1,2019
Carrières-sous-Poissy,78123,Kyle,1,2019
Carrières-sous-Poissy,78123,Kylian,2,2019
Carrières-sous-Poissy,78123,Kélia,1,2019
Carrières-sous-Poissy,78123,Lacine,1,2019
Carrières-sous-Poissy,78123,Lalia,1,2019
Carrières-sous-Poissy,78123,Laliyah,1,2019
Carrières-sous-Poissy,78123,Lamine,1,2019
Carrières-sous-Poissy,78123,Lanna,1,2019
Carrières-sous-Poissy,78123,Laya,1,2019
Carrières-sous-Poissy,78123,Layana,1,2019
Carrières-sous-Poissy,78123,Layina,1,2019
Carrières-sous-Poissy,78123,Layla,1,2019
Carrières-sous-Poissy,78123,Leilany,1,2019
Carrières-sous-Poissy,78123,Lewen,1,2019
Carrières-sous-Poissy,78123,Lexie,1,2019
Carrières-sous-Poissy,78123,Leyna,1,2019
Carrières-sous-Poissy,78123,Leïla,1,2019
Carrières-sous-Poissy,78123,Liam,3,2019
Carrières-sous-Poissy,78123,Lilio,1,2019
Carrières-sous-Poissy,78123,Lina,3,2019
Carrières-sous-Poissy,78123,Livia,1,2019
Carrières-sous-Poissy,78123,Lorine,1,2019
Carrières-sous-Poissy,78123,Lou-Anne,1,2019
Carrières-sous-Poissy,78123,Louis,1,2019
Carrières-sous-Poissy,78123,Louise,1,2019
Carrières-sous-Poissy,78123,Louison,1,2019
Carrières-sous-Poissy,78123,Louéye,1,2019
Carrières-sous-Poissy,78123,Loïs,1,2019
Carrières-sous-Poissy,78123,Lucas,1,2019
Carrières-sous-Poissy,78123,Luna,1,2019
Carrières-sous-Poissy,78123,Lya,1,2019
Carrières-sous-Poissy,78123,Léa,1,2019
Carrières-sous-Poissy,78123,Léana,1,2019
Carrières-sous-Poissy,78123,Léna,2,2019
Carrières-sous-Poissy,78123,Léo,2,2019
Carrières-sous-Poissy,78123,Lévyn,1,2019
Carrières-sous-Poissy,78123,Magali,1,2019
Carrières-sous-Poissy,78123,Mahamadou,1,2019
Carrières-sous-Poissy,78123,Mahé,1,2019
Carrières-sous-Poissy,78123,Majdouline,1,2019
Carrières-sous-Poissy,78123,Malo,2,2019
Carrières-sous-Poissy,78123,Mamadou,1,2019
Carrières-sous-Poissy,78123,Marceau,1,2019
Carrières-sous-Poissy,78123,Marcos,2,2019
Carrières-sous-Poissy,78123,Marie,1,2019
Carrières-sous-Poissy,78123,Marie-Claire,1,2019
Carrières-sous-Poissy,78123,Marie-Helena,1,2019
Carrières-sous-Poissy,78123,Marion,1,2019
Carrières-sous-Poissy,78123,Markus,1,2019
Carrières-sous-Poissy,78123,Marlon,1,2019
Carrières-sous-Poissy,78123,Marlène,1,2019
Carrières-sous-Poissy,78123,Martin,1,2019
Carrières-sous-Poissy,78123,Maryam,1,2019
Carrières-sous-Poissy,78123,Massilya,1,2019
Carrières-sous-Poissy,78123,Maxe,1,2019
Carrières-sous-Poissy,78123,Maya,1,2019
Carrières-sous-Poissy,78123,Mayguef,1,2019
Carrières-sous-Poissy,78123,Mayna,1,2019
Carrières-sous-Poissy,78123,Mayssam,1,2019
Carrières-sous-Poissy,78123,Maé,1,2019
Carrières-sous-Poissy,78123,Maël,2,2019
Carrières-sous-Poissy,78123,Maëlle,1,2019
Carrières-sous-Poissy,78123,Maëlys,3,2019
Carrières-sous-Poissy,78123,Maïssa,1,2019
Carrières-sous-Poissy,78123,Maïwenn,1,2019
Carrières-sous-Poissy,78123,Mehdi,2,2019
Carrières-sous-Poissy,78123,Mellina,1,2019
Carrières-sous-Poissy,78123,Mellyanna-Orlia,1,2019
Carrières-sous-Poissy,78123,Meryem,2,2019
Carrières-sous-Poissy,78123,Mikaël,1,2019
Carrières-sous-Poissy,78123,Mila,2,2019
Carrières-sous-Poissy,78123,Mileva,1,2019
Carrières-sous-Poissy,78123,Mira,1,2019
Carrières-sous-Poissy,78123,Mirza,1,2019
Carrières-sous-Poissy,78123,Mody,1,2019
Carrières-sous-Poissy,78123,Mohamed,1,2019
Carrières-sous-Poissy,78123,Mouessé,1,2019
Carrières-sous-Poissy,78123,Moustapha,1,2019
Carrières-sous-Poissy,78123,Moïse,1,2019
Carrières-sous-Poissy,78123,Mylhan,1,2019
Carrières-sous-Poissy,78123,Mélia,1,2019
Carrières-sous-Poissy,78123,Mélina,1,2019
Carrières-sous-Poissy,78123,N'Datchin,1,2019
Carrières-sous-Poissy,78123,Nabil,1,2019
Carrières-sous-Poissy,78123,Nahyl,1,2019
Carrières-sous-Poissy,78123,Nail,1,2019
Carrières-sous-Poissy,78123,Nalia,1,2019
Carrières-sous-Poissy,78123,Naomi,2,2019
Carrières-sous-Poissy,78123,Nathan,3,2019
Carrières-sous-Poissy,78123,Nathaniel,1,2019
Carrières-sous-Poissy,78123,Naya,1,2019
Carrières-sous-Poissy,78123,Nayla,1,2019
Carrières-sous-Poissy,78123,Naël,3,2019
Carrières-sous-Poissy,78123,Naïa,1,2019
Carrières-sous-Poissy,78123,Naïm,1,2019
Carrières-sous-Poissy,78123,Nesta,1,2019
Carrières-sous-Poissy,78123,Nihal,1,2019
Carrières-sous-Poissy,78123,Nina,1,2019
Carrières-sous-Poissy,78123,Noah,2,2019
Carrières-sous-Poissy,78123,Noha,1,2019
Carrières-sous-Poissy,78123,Nour,2,2019
Carrières-sous-Poissy,78123,Noé,2,2019
Carrières-sous-Poissy,78123,Océane,1,2019
Carrières-sous-Poissy,78123,Othmane,1,2019
Carrières-sous-Poissy,78123,Paloma,1,2019
Carrières-sous-Poissy,78123,Paul,1,2019
Carrières-sous-Poissy,78123,Pavalen,1,2019
Carrières-sous-Poissy,78123,Prabhjeet,1,2019
Carrières-sous-Poissy,78123,Prielle,1,2019
Carrières-sous-Poissy,78123,Pérets,1,2019
Carrières-sous-Poissy,78123,Rafael,1,2019
Carrières-sous-Poissy,78123,Raphaël,2,2019
Carrières-sous-Poissy,78123,Rayan,2,2019
Carrières-sous-Poissy,78123,Rita,1,2019
Carrières-sous-Poissy,78123,Rita-Zara,1,2019
Carrières-sous-Poissy,78123,Romaissae,1,2019
Carrières-sous-Poissy,78123,Romane,1,2019
Carrières-sous-Poissy,78123,Romy,1,2019
Carrières-sous-Poissy,78123,Ronaël,1,2019
Carrières-sous-Poissy,78123,Rose,1,2019
Carrières-sous-Poissy,78123,Roumaïssa,1,2019
Carrières-sous-Poissy,78123,Sacha,2,2019
Carrières-sous-Poissy,78123,Sadan,1,2019
Carrières-sous-Poissy,78123,Sadok,1,2019
Carrières-sous-Poissy,78123,Safiya,1,2019
Carrières-sous-Poissy,78123,Safwan,2,2019
Carrières-sous-Poissy,78123,Saja,1,2019
Carrières-sous-Poissy,78123,Salim,1,2019
Carrières-sous-Poissy,78123,Sania,1,2019
Carrières-sous-Poissy,78123,Sarah,3,2019
Carrières-sous-Poissy,78123,Sarah-Rosalie,1,2019
Carrières-sous-Poissy,78123,Sebastien,1,2019
Carrières-sous-Poissy,78123,Sephe,1,2019
Carrières-sous-Poissy,78123,Seydina,1,2019
Carrières-sous-Poissy,78123,Sheyma,1,2019
Carrières-sous-Poissy,78123,Siga,1,2019
Carrières-sous-Poissy,78123,Simon,1,2019
Carrières-sous-Poissy,78123,Siméo,1,2019
Carrières-sous-Poissy,78123,Siyana,1,2019
Carrières-sous-Poissy,78123,Soan,1,2019
Carrières-sous-Poissy,78123,Sofia,1,2019
Carrières-sous-Poissy,78123,Sofiane,2,2019
Carrières-sous-Poissy,78123,Sohan,2,2019
Carrières-sous-Poissy,78123,Sohana,1,2019
Carrières-sous-Poissy,78123,Sokhna,1,2019
Carrières-sous-Poissy,78123,Souhayb,1,2019
Carrières-sous-Poissy,78123,Sultan,1,2019
Carrières-sous-Poissy,78123,Swan,1,2019
Carrières-sous-Poissy,78123,Syrine,1,2019
Carrières-sous-Poissy,78123,Tenzin,1,2019
Carrières-sous-Poissy,78123,Terence,1,2019
Carrières-sous-Poissy,78123,Thomas,1,2019
Carrières-sous-Poissy,78123,Théa,1,2019
Carrières-sous-Poissy,78123,Théo,1,2019
Carrières-sous-Poissy,78123,Tim,1,2019
Carrières-sous-Poissy,78123,Timothé,1,2019
Carrières-sous-Poissy,78123,Timéo,2,2019
Carrières-sous-Poissy,78123,Tom,2,2019
Carrières-sous-Poissy,78123,Trycia,1,2019
Carrières-sous-Poissy,78123,Tâhira,1,2019
Carrières-sous-Poissy,78123,Victoria,1,2019
Carrières-sous-Poissy,78123,Vynhel-God'Angèle,1,2019
Carrières-sous-Poissy,78123,Wassim,1,2019
Carrières-sous-Poissy,78123,Weronika,1,2019
Carrières-sous-Poissy,78123,Yacine,1,2019
Carrières-sous-Poissy,78123,Yanis,1,2019
Carrières-sous-Poissy,78123,Yasmin,1,2019
Carrières-sous-Poissy,78123,Yleana,1,2019
Carrières-sous-Poissy,78123,Yousra,1,2019
Carrières-sous-Poissy,78123,Youssef,1,2019
Carrières-sous-Poissy,78123,Zackari,1,2019
Carrières-sous-Poissy,78123,Zakary,1,2019
Carrières-sous-Poissy,78123,Ziad,1,2019
Carrières-sous-Poissy,78123,Zoé,1,2019
Carrières-sous-Poissy,78123,Élysio,1,2019
Carrières-sous-Poissy,78123,Éléanore,1,2019
Carrières-sous-Poissy,78123,Émeline,1,2019
Carrières-sous-Poissy,78123,Éthan,4,2019
Carrières-sous-Poissy,78123,Aalia,1,2020
Carrières-sous-Poissy,78123,Abbie,1,2020
Carrières-sous-Poissy,78123,Abdallah,1,2020
Carrières-sous-Poissy,78123,Adam,4,2020
Carrières-sous-Poissy,78123,Adem,3,2020
Carrières-sous-Poissy,78123,Adrian,1,2020
Carrières-sous-Poissy,78123,Adrien,1,2020
Carrières-sous-Poissy,78123,Adèle,1,2020
Carrières-sous-Poissy,78123,Ahmed,1,2020
Carrières-sous-Poissy,78123,Akemi,1,2020
Carrières-sous-Poissy,78123,Alba,1,2020
Carrières-sous-Poissy,78123,Alex,1,2020
Carrières-sous-Poissy,78123,Alexa,1,2020
Carrières-sous-Poissy,78123,Aleyna,1,2020
Carrières-sous-Poissy,78123,Ali,1,2020
Carrières-sous-Poissy,78123,Alicia,2,2020
Carrières-sous-Poissy,78123,Alix,1,2020
Carrières-sous-Poissy,78123,Aliya,1,2020
Carrières-sous-Poissy,78123,Aliyah,1,2020
Carrières-sous-Poissy,78123,Alyia,1,2020
Carrières-sous-Poissy,78123,Alysa,1,2020
Carrières-sous-Poissy,78123,Ambinintsoa,1,2020
Carrières-sous-Poissy,78123,Ambre,2,2020
Carrières-sous-Poissy,78123,Amina,1,2020
Carrières-sous-Poissy,78123,Aminata,1,2020
Carrières-sous-Poissy,78123,Amir,4,2020
Carrières-sous-Poissy,78123,Amira,2,2020
Carrières-sous-Poissy,78123,Anaella,1,2020
Carrières-sous-Poissy,78123,Anais,2,2020
Carrières-sous-Poissy,78123,Anas,2,2020
Carrières-sous-Poissy,78123,Anaël,1,2020
Carrières-sous-Poissy,78123,Anaël-Cohen,1,2020
Carrières-sous-Poissy,78123,Andreia,1,2020
Carrières-sous-Poissy,78123,Anh-Duy,1,2020
Carrières-sous-Poissy,78123,Anis,1,2020
Carrières-sous-Poissy,78123,Anne-Betty,1,2020
Carrières-sous-Poissy,78123,Antoine,1,2020
Carrières-sous-Poissy,78123,Anya,1,2020
Carrières-sous-Poissy,78123,Apie,1,2020
Carrières-sous-Poissy,78123,Arilès,1,2020
Carrières-sous-Poissy,78123,Arthur,1,2020
Carrières-sous-Poissy,78123,Arwa,1,2020
Carrières-sous-Poissy,78123,Arwen,1,2020
Carrières-sous-Poissy,78123,Asayah,1,2020
Carrières-sous-Poissy,78123,Assiya,1,2020
Carrières-sous-Poissy,78123,Assya,1,2020
Carrières-sous-Poissy,78123,Astrid,1,2020
Carrières-sous-Poissy,78123,Athénaïs,1,2020
Carrières-sous-Poissy,78123,Ava,1,2020
Carrières-sous-Poissy,78123,Aya,1,2020
Carrières-sous-Poissy,78123,Ayden,2,2020
Carrières-sous-Poissy,78123,Aïcha,1,2020
Carrières-sous-Poissy,78123,Aïdi-Aïssa,1,2020
Carrières-sous-Poissy,78123,Aïsha,2,2020
Carrières-sous-Poissy,78123,Aïssatou,1,2020
Carrières-sous-Poissy,78123,Bayrem,1,2020
Carrières-sous-Poissy,78123,Bella,1,2020
Carrières-sous-Poissy,78123,Betty,1,2020
Carrières-sous-Poissy,78123,Bilal,1,2020
Carrières-sous-Poissy,78123,Billie,1,2020
Carrières-sous-Poissy,78123,Boureïma,1,2020
Carrières-sous-Poissy,78123,Cameron,1,2020
Carrières-sous-Poissy,78123,Camron,1,2020
Carrières-sous-Poissy,78123,Camélia,1,2020
Carrières-sous-Poissy,78123,Carl,1,2020
Carrières-sous-Poissy,78123,Charlie,1,2020
Carrières-sous-Poissy,78123,Chloé,1,2020
Carrières-sous-Poissy,78123,Côme,1,2020
Carrières-sous-Poissy,78123,Daniel,2,2020
Carrières-sous-Poissy,78123,Daniella,1,2020
Carrières-sous-Poissy,78123,Dawid,1,2020
Carrières-sous-Poissy,78123,Dehliany,1,2020
Carrières-sous-Poissy,78123,Demba,1,2020
Carrières-sous-Poissy,78123,Deyae,1,2020
Carrières-sous-Poissy,78123,Diamilatou,1,2020
Carrières-sous-Poissy,78123,Diana,1,2020
Carrières-sous-Poissy,78123,Diane,1,2020
Carrières-sous-Poissy,78123,Diarry,1,2020
Carrières-sous-Poissy,78123,Dibor,1,2020
Carrières-sous-Poissy,78123,Dienabou,1,2020
Carrières-sous-Poissy,78123,Dinis,1,2020
Carrières-sous-Poissy,78123,Diyé,1,2020
Carrières-sous-Poissy,78123,Djibril,1,2020
Carrières-sous-Poissy,78123,Eden,4,2020
Carrières-sous-Poissy,78123,Eduard,1,2020
Carrières-sous-Poissy,78123,Efraim,1,2020
Carrières-sous-Poissy,78123,Eleana,1,2020
Carrières-sous-Poissy,78123,Elhadji-Moctar,1,2020
Carrières-sous-Poissy,78123,Elian,1,2020
Carrières-sous-Poissy,78123,Elina,1,2020
Carrières-sous-Poissy,78123,Eline,1,2020
Carrières-sous-Poissy,78123,Eliott,2,2020
Carrières-sous-Poissy,78123,Elsiane,1,2020
Carrières-sous-Poissy,78123,Ely,1,2020
Carrières-sous-Poissy,78123,Emilie,1,2020
Carrières-sous-Poissy,78123,Emna,3,2020
Carrières-sous-Poissy,78123,Enael,1,2020
Carrières-sous-Poissy,78123,Enzo,1,2020
Carrières-sous-Poissy,78123,Eslem,1,2020
Carrières-sous-Poissy,78123,Ethan,3,2020
Carrières-sous-Poissy,78123,Evan,1,2020
Carrières-sous-Poissy,78123,Eymen,1,2020
Carrières-sous-Poissy,78123,Ezio,1,2020
Carrières-sous-Poissy,78123,Ezra,1,2020
Carrières-sous-Poissy,78123,Ezéquiel,1,2020
Carrières-sous-Poissy,78123,Fadel,1,2020
Carrières-sous-Poissy,78123,Fatima,1,2020
Carrières-sous-Poissy,78123,Fatoumata,2,2020
Carrières-sous-Poissy,78123,Flavien,1,2020
Carrières-sous-Poissy,78123,Flavio,1,2020
Carrières-sous-Poissy,78123,Francisca,1,2020
Carrières-sous-Poissy,78123,Fâtouma,1,2020
Carrières-sous-Poissy,78123,Gabin,1,2020
Carrières-sous-Poissy,78123,Gabriel,2,2020
Carrières-sous-Poissy,78123,Ghjuvan,1,2020
Carrières-sous-Poissy,78123,Giany,1,2020
Carrières-sous-Poissy,78123,Giulia,1,2020
Carrières-sous-Poissy,78123,Guy,1,2020
Carrières-sous-Poissy,78123,Gwen,1,2020
Carrières-sous-Poissy,78123,Hana,1,2020
Carrières-sous-Poissy,78123,Haroun,1,2020
Carrières-sous-Poissy,78123,Haydan,1,2020
Carrières-sous-Poissy,78123,Hayden,1,2020
Carrières-sous-Poissy,78123,Hazal-Eslem,1,2020
Carrières-sous-Poissy,78123,Henri,1,2020
Carrières-sous-Poissy,78123,Hiba,1,2020
Carrières-sous-Poissy,78123,Hopelyza,1,2020
Carrières-sous-Poissy,78123,Hélios,1,2020
Carrières-sous-Poissy,78123,Héloïse,1,2020
Carrières-sous-Poissy,78123,Ibrahim,1,2020
Carrières-sous-Poissy,78123,Ilyan,1,2020
Carrières-sous-Poissy,78123,Ilyass,1,2020
Carrières-sous-Poissy,78123,Ilyes,1,2020
Carrières-sous-Poissy,78123,Imraan,1,2020
Carrières-sous-Poissy,78123,Imran,1,2020
Carrières-sous-Poissy,78123,Inès,1,2020
Carrières-sous-Poissy,78123,Ionut,1,2020
Carrières-sous-Poissy,78123,Iria,1,2020
Carrières-sous-Poissy,78123,Iris,2,2020
Carrières-sous-Poissy,78123,Isaac,1,2020
Carrières-sous-Poissy,78123,Isabella,1,2020
Carrières-sous-Poissy,78123,Ismael,2,2020
Carrières-sous-Poissy,78123,Ismaïl,1,2020
Carrières-sous-Poissy,78123,Issa,2,2020
Carrières-sous-Poissy,78123,Issam,1,2020
Carrières-sous-Poissy,78123,Ivana,1,2020
Carrières-sous-Poissy,78123,Izzie,1,2020
Carrières-sous-Poissy,78123,Jade,3,2020
Carrières-sous-Poissy,78123,Jahyan,1,2020
Carrières-sous-Poissy,78123,Janna,2,2020
Carrières-sous-Poissy,78123,Jannah,1,2020
Carrières-sous-Poissy,78123,Jannat,1,2020
Carrières-sous-Poissy,78123,Jasmine,1,2020
Carrières-sous-Poissy,78123,Jassim,1,2020
Carrières-sous-Poissy,78123,Jenna,1,2020
Carrières-sous-Poissy,78123,Jinane,1,2020
Carrières-sous-Poissy,78123,Joanna-Esther,1,2020
Carrières-sous-Poissy,78123,Joséphine,1,2020
Carrières-sous-Poissy,78123,Joyce,1,2020
Carrières-sous-Poissy,78123,Jude-Ismaël,1,2020
Carrières-sous-Poissy,78123,Jules,1,2020
Carrières-sous-Poissy,78123,Julia,1,2020
Carrières-sous-Poissy,78123,Juliann,1,2020
Carrières-sous-Poissy,78123,Kablan,1,2020
Carrières-sous-Poissy,78123,Kadidja,1,2020
Carrières-sous-Poissy,78123,Kassim,2,2020
Carrières-sous-Poissy,78123,Kathyrn,1,2020
Carrières-sous-Poissy,78123,Kayla,2,2020
Carrières-sous-Poissy,78123,Kayssa,1,2020
Carrières-sous-Poissy,78123,Kaïla,1,2020
Carrières-sous-Poissy,78123,Kenza,1,2020
Carrières-sous-Poissy,78123,Khadija,1,2020
Carrières-sous-Poissy,78123,Khalil,1,2020
Carrières-sous-Poissy,78123,Koralia,1,2020
Carrières-sous-Poissy,78123,Kylian,1,2020
Carrières-sous-Poissy,78123,Lamya,1,2020
Carrières-sous-Poissy,78123,Lana,1,2020
Carrières-sous-Poissy,78123,Lauric,1,2020
Carrières-sous-Poissy,78123,Leïna,1,2020
Carrières-sous-Poissy,78123,Liam,2,2020
Carrières-sous-Poissy,78123,Lila,1,2020
Carrières-sous-Poissy,78123,Lily,1,2020
Carrières-sous-Poissy,78123,Lily-Danielle,1,2020
Carrières-sous-Poissy,78123,Lina,3,2020
Carrières-sous-Poissy,78123,Liv,1,2020
Carrières-sous-Poissy,78123,Livia,2,2020
Carrières-sous-Poissy,78123,Logan,1,2020
Carrières-sous-Poissy,78123,Lohan,1,2020
Carrières-sous-Poissy,78123,Louise,1,2020
Carrières-sous-Poissy,78123,Lu-Weimin,1,2020
Carrières-sous-Poissy,78123,Luca,1,2020
Carrières-sous-Poissy,78123,Lucas,1,2020
Carrières-sous-Poissy,78123,Lucien,1,2020
Carrières-sous-Poissy,78123,Lukas,1,2020
Carrières-sous-Poissy,78123,Lya,1,2020
Carrières-sous-Poissy,78123,Lyam,2,2020
Carrières-sous-Poissy,78123,Lyana,1,2020
Carrières-sous-Poissy,78123,Lyne,1,2020
Carrières-sous-Poissy,78123,Léa,1,2020
Carrières-sous-Poissy,78123,Léandre,1,2020
Carrières-sous-Poissy,78123,Léandro,1,2020
Carrières-sous-Poissy,78123,Léna,2,2020
Carrières-sous-Poissy,78123,Léon,3,2020
Carrières-sous-Poissy,78123,Léontine,1,2020
Carrières-sous-Poissy,78123,Magali,1,2020
Carrières-sous-Poissy,78123,Mahalia,1,2020
Carrières-sous-Poissy,78123,Mahana,1,2020
Carrières-sous-Poissy,78123,Mahdi,1,2020
Carrières-sous-Poissy,78123,Maka,1,2020
Carrières-sous-Poissy,78123,Malika,1,2020
Carrières-sous-Poissy,78123,Malo,1,2020
Carrières-sous-Poissy,78123,Mame,1,2020
Carrières-sous-Poissy,78123,Manel,2,2020
Carrières-sous-Poissy,78123,Marceau,1,2020
Carrières-sous-Poissy,78123,Marguerite,1,2020
Carrières-sous-Poissy,78123,Mariama,2,2020
Carrières-sous-Poissy,78123,Mariame,1,2020
Carrières-sous-Poissy,78123,Marie-Lys,1,2020
Carrières-sous-Poissy,78123,Mariette,1,2020
Carrières-sous-Poissy,78123,Marisa,1,2020
Carrières-sous-Poissy,78123,Marius,1,2020
Carrières-sous-Poissy,78123,Marlène,1,2020
Carrières-sous-Poissy,78123,Martin,1,2020
Carrières-sous-Poissy,78123,Marwan,1,2020
Carrières-sous-Poissy,78123,Matt,1,2020
Carrières-sous-Poissy,78123,Matteo,1,2020
Carrières-sous-Poissy,78123,Maty,1,2020
Carrières-sous-Poissy,78123,Maylan,1,2020
Carrières-sous-Poissy,78123,Mayson,1,2020
Carrières-sous-Poissy,78123,Mazine,1,2020
Carrières-sous-Poissy,78123,Maël,1,2020
Carrières-sous-Poissy,78123,Maëlle,1,2020
Carrières-sous-Poissy,78123,Maïmouna,1,2020
Carrières-sous-Poissy,78123,Maïwen,1,2020
Carrières-sous-Poissy,78123,Mehdi,1,2020
Carrières-sous-Poissy,78123,Mia,1,2020
Carrières-sous-Poissy,78123,Mila,2,2020
Carrières-sous-Poissy,78123,Milhann,1,2020
Carrières-sous-Poissy,78123,Mira,1,2020
Carrières-sous-Poissy,78123,Mohamed,3,2020
Carrières-sous-Poissy,78123,Moussa,1,2020
Carrières-sous-Poissy,78123,Moustapha,1,2020
Carrières-sous-Poissy,78123,Mya,1,2020
Carrières-sous-Poissy,78123,Myron,1,2020
Carrières-sous-Poissy,78123,Mélissa,1,2020
Carrières-sous-Poissy,78123,Mélissandre,1,2020
Carrières-sous-Poissy,78123,Nabiboure,1,2020
Carrières-sous-Poissy,78123,Nacim,1,2020
Carrières-sous-Poissy,78123,Nadine,1,2020
Carrières-sous-Poissy,78123,Nadir,1,2020
Carrières-sous-Poissy,78123,Naseem,1,2020
Carrières-sous-Poissy,78123,Nathan,1,2020
Carrières-sous-Poissy,78123,Nathanaël,1,2020
Carrières-sous-Poissy,78123,Naya,1,2020
Carrières-sous-Poissy,78123,Nayla,1,2020
Carrières-sous-Poissy,78123,Nazla,1,2020
Carrières-sous-Poissy,78123,Naéthann,1,2020
Carrières-sous-Poissy,78123,Naël,1,2020
Carrières-sous-Poissy,78123,Naïl,1,2020
Carrières-sous-Poissy,78123,Naïla,1,2020
Carrières-sous-Poissy,78123,Nedjma,1,2020
Carrières-sous-Poissy,78123,Neha,1,2020
Carrières-sous-Poissy,78123,Nelly,1,2020
Carrières-sous-Poissy,78123,Nia,1,2020
Carrières-sous-Poissy,78123,Nizar,1,2020
Carrières-sous-Poissy,78123,Noah,4,2020
Carrières-sous-Poissy,78123,Nolwenn,1,2020
Carrières-sous-Poissy,78123,Nour,2,2020
Carrières-sous-Poissy,78123,Océane,1,2020
Carrières-sous-Poissy,78123,Olivia,1,2020
Carrières-sous-Poissy,78123,Olivier,1,2020
Carrières-sous-Poissy,78123,Ousmane-Saliou,1,2020
Carrières-sous-Poissy,78123,Owen,1,2020
Carrières-sous-Poissy,78123,Pitshou,1,2020
Carrières-sous-Poissy,78123,Rafaël,2,2020
Carrières-sous-Poissy,78123,Rayan,3,2020
Carrières-sous-Poissy,78123,Rayhana,1,2020
Carrières-sous-Poissy,78123,Rihem,1,2020
Carrières-sous-Poissy,78123,Rose,1,2020
Carrières-sous-Poissy,78123,Sadio,1,2020
Carrières-sous-Poissy,78123,Safwan,1,2020
Carrières-sous-Poissy,78123,Sakina,1,2020
Carrières-sous-Poissy,78123,Sam,1,2020
Carrières-sous-Poissy,78123,Samy,1,2020
Carrières-sous-Poissy,78123,Santiago,1,2020
Carrières-sous-Poissy,78123,Sarah,1,2020
Carrières-sous-Poissy,78123,Saïna,1,2020
Carrières-sous-Poissy,78123,Seydina,1,2020
Carrières-sous-Poissy,78123,Seymen,1,2020
Carrières-sous-Poissy,78123,Sia,1,2020
Carrières-sous-Poissy,78123,Sira,1,2020
Carrières-sous-Poissy,78123,Soan,1,2020
Carrières-sous-Poissy,78123,Sofia,2,2020
Carrières-sous-Poissy,78123,Sofiane,1,2020
Carrières-sous-Poissy,78123,Sohan,2,2020
Carrières-sous-Poissy,78123,Sojoud,1,2020
Carrières-sous-Poissy,78123,Soukaina,1,2020
Carrières-sous-Poissy,78123,Soumeen,1,2020
Carrières-sous-Poissy,78123,Stan,1,2020
Carrières-sous-Poissy,78123,Talia,1,2020
Carrières-sous-Poissy,78123,Tarek,1,2020
Carrières-sous-Poissy,78123,Tennessee,1,2020
Carrières-sous-Poissy,78123,Tenzin-Dechen,1,2020
Carrières-sous-Poissy,78123,Thaïs,1,2020
Carrières-sous-Poissy,78123,Thibault,1,2020
Carrières-sous-Poissy,78123,Tiago,1,2020
Carrières-sous-Poissy,78123,Tidjan,1,2020
Carrières-sous-Poissy,78123,Timothée,1,2020
Carrières-sous-Poissy,78123,Tom,1,2020
Carrières-sous-Poissy,78123,Toumani,1,2020
Carrières-sous-Poissy,78123,Tyron,1,2020
Carrières-sous-Poissy,78123,Valérian,1,2020
Carrières-sous-Poissy,78123,Venba,1,2020
Carrières-sous-Poissy,78123,Victoire,1,2020
Carrières-sous-Poissy,78123,Victor,1,2020
Carrières-sous-Poissy,78123,Vladimir,1,2020
Carrières-sous-Poissy,78123,Yahya,1,2020
Carrières-sous-Poissy,78123,Ylies,1,2020
Carrières-sous-Poissy,78123,Ysaline,1,2020
Carrières-sous-Poissy,78123,Yusuf,1,2020
Carrières-sous-Poissy,78123,Zakaria,2,2020
Carrières-sous-Poissy,78123,Zalika,1,2020
Carrières-sous-Poissy,78123,Zéphyr,1,2020
Carrières-sous-Poissy,78123,ÉLéanore,1,2020
Carrières-sous-Poissy,78123,Éva,1,2020